Percentile;Year;Italy;UK;France;Germany;Belgium
p90p100;1970;;0.2736;0.3408;;
p90p100;1971;;0.2781;0.3374;0.2793;
p90p100;1972;;0.2744;0.335;;
p90p100;1973;;0.2688;0.342;;
p90p100;1974;0.2713;0.2668;0.3378;0.2815;
p90p100;1975;0.2775;0.2641;0.3327;;
p90p100;1976;0.2535;0.2648;0.3276;;
p90p100;1977;0.2449;0.2655;0.3123;0.2919;
p90p100;1978;0.2415;0.2638;0.3054;;
p90p100;1979;0.242;0.2694;0.3139;;
p90p100;1980;0.2417;0.2946;0.2767;0.283;0.311
p90p100;1981;0.2324;0.2946;0.2756;0.2815;0.3112
p90p100;1982;0.231;0.2961;0.2728;0.2801;0.309
p90p100;1983;0.23;0.3002;0.2733;0.2788;0.3094
p90p100;1984;0.234;0.3062;0.2752;0.2809;0.3084
p90p100;1985;0.2389;0.3071;0.2785;0.283;0.3175
p90p100;1986;0.2495;0.3093;0.2863;0.2852;0.3236
p90p100;1987;0.2556;0.3122;0.291;0.2951;0.3258
p90p100;1988;0.2653;0.3172;0.2943;0.3049;0.3514
p90p100;1989;0.2684;0.3117;0.3008;0.3147;0.3389
p90p100;1990;0.2689;0.3241;0.2996;0.3118;0.3311
p90p100;1991;0.268;0.3229;0.2974;0.309;0.3252
p90p100;1992;0.2709;0.3202;0.2937;0.3049;0.3212
p90p100;1993;0.2767;0.3326;0.2937;0.2989;0.3212
p90p100;1994;0.2809;0.3412;0.2973;0.2944;0.3312
p90p100;1995;0.2884;0.3421;0.2984;0.2929;0.3253
p90p100;1996;0.2934;0.3529;0.3071;0.3017;0.3287
p90p100;1997;0.2953;0.3483;0.3093;0.309;0.3277
p90p100;1998;0.3001;0.3517;0.315;0.3164;0.325
p90p100;1999;0.2985;0.3572;0.3139;0.316;0.3259
p50p90;1970;;;0.4577;;
p50p90;1971;;;0.4599;;
p50p90;1972;;;0.4584;;
p50p90;1973;;;0.4557;;
p50p90;1974;;;0.4576;;
p50p90;1975;;;0.4589;;
p50p90;1976;;;0.4607;;
p50p90;1977;;;0.4658;;
p50p90;1978;;;0.4661;;
p50p90;1979;;;0.4531;;
p50p90;1980;0.4855;0.4741;0.481;0.4736;0.4685
p50p90;1981;0.4905;0.4741;0.4818;0.4715;0.4647
p50p90;1982;0.4937;0.4733;0.4837;0.472;0.4697
p50p90;1983;0.4952;0.473;0.484;0.4751;0.4682
p50p90;1984;0.4932;0.4701;0.4844;0.4714;0.4688
p50p90;1985;0.4916;0.4731;0.4796;0.4694;0.4586
p50p90;1986;0.4909;0.4717;0.4728;0.4684;0.4622
p50p90;1987;0.4905;0.4705;0.4682;0.4645;0.4616
p50p90;1988;0.4871;0.4681;0.4642;0.4571;0.4456
p50p90;1989;0.4856;0.4705;0.4626;0.4518;0.4526
p50p90;1990;0.4843;0.4745;0.4648;0.4551;0.461
p50p90;1991;0.4837;0.4748;0.4681;0.4582;0.4629
p50p90;1992;0.4871;0.4702;0.4725;0.4591;0.4675
p50p90;1993;0.49;0.4618;0.4764;0.463;0.4604
p50p90;1994;0.4886;0.454;0.4738;0.4648;0.4591
p50p90;1995;0.4793;0.4572;0.472;0.4651;0.4644
p50p90;1996;0.4792;0.4491;0.4668;0.4626;0.462
p50p90;1997;0.4841;0.4492;0.4661;0.4606;0.4643
p50p90;1998;0.4783;0.4461;0.4622;0.4583;0.4688
p50p90;1999;0.4817;0.4467;0.4619;0.4578;0.4666
p0p50;1970;;;0.2014;;
p0p50;1971;;;0.2027;;
p0p50;1972;;;0.2066;;
p0p50;1973;;;0.2023;;
p0p50;1974;;;0.2046;;
p0p50;1975;;;0.2084;;
p0p50;1976;;;0.2117;;
p0p50;1977;;;0.2219;;
p0p50;1978;;;0.2285;;
p0p50;1979;;;0.233;;
p0p50;1980;0.2729;0.2313;0.242;0.2434;0.2205
p0p50;1981;0.2771;0.2313;0.2427;0.247;0.2241
p0p50;1982;0.2754;0.2306;0.2435;0.2479;0.2213
p0p50;1983;0.2748;0.2268;0.2427;0.2461;0.2224
p0p50;1984;0.2728;0.2237;0.2407;0.2477;0.2229
p0p50;1985;0.2695;0.2198;0.2426;0.2476;0.2239
p0p50;1986;0.2595;0.219;0.2416;0.2464;0.2141
p0p50;1987;0.2539;0.2174;0.2421;0.2404;0.2127
p0p50;1988;0.2476;0.2147;0.2432;0.238;0.2029
p0p50;1989;0.246;0.2178;0.2383;0.2335;0.2086
p0p50;1990;0.2468;0.2014;0.2361;0.2331;0.208
p0p50;1991;0.2483;0.2023;0.235;0.2328;0.2119
p0p50;1992;0.242;0.2096;0.2342;0.236;0.2112
p0p50;1993;0.2333;0.2056;0.2304;0.2382;0.2185
p0p50;1994;0.2305;0.2048;0.2295;0.2409;0.2097
p0p50;1995;0.2323;0.2007;0.23;0.242;0.2103
p0p50;1996;0.2274;0.198;0.2265;0.2358;0.2093
p0p50;1997;0.2206;0.2025;0.2249;0.2304;0.208
p0p50;1998;0.2216;0.2022;0.223;0.2253;0.2062
p0p50;1999;0.2198;0.1961;0.2247;0.2262;0.2075
